ensembl_gene_id,hgnc_symbol,entrezgene,chromosome_name,logFC,p.val,q.value
DDX3Y|8653,ENSG00000067048,DDX3Y,8653,Y,9.8,4.7e-303,7.99999999999999e-299
KDM5D|8284,ENSG00000012817,KDM5D,8284,Y,9.8,2.1e-294,1.7e-290
EIF1AY|9086,ENSG00000198692,EIF1AY,9086,Y,8.9,1.3e-287,7.2e-284
USP9Y|8287,ENSG00000114374,USP9Y,8287,Y,9,5.2e-283,2.2e-279
UTY|7404,ENSG00000183878,UTY,7404,Y,8.5,5.9e-280,2e-276
ZFY|7544,ENSG00000067646,ZFY,7544,Y,8.1,3.9e-273,1.1e-269
RPS4Y1|6192,ENSG00000129824,RPS4Y1,6192,Y,11,2.4e-265,5.9e-262
CYorf15A|246126,ENSG00000131002,TXLNGY,246126,Y,8.1,3.7e-264,7.7e-261
TTTY15|64595,ENSG00000233864,TTTY15,64595,Y,7.6,7e-259,1.3e-255
CYorf15B|84663,NA,NA,NA,NA,7.8,1.7e-234,2.9e-231
NLGN4Y|22829,ENSG00000165246,NLGN4Y,22829,Y,6.2,1.8e-212,2.8e-209
PRKY|5616,ENSG00000099725,PRKY,5616,Y,6.5,1e-204,1.5e-201
TMSB4Y|9087,ENSG00000154620,TMSB4Y,9087,Y,5.3,2.5e-182,3.3e-179
XIST|7503,ENSG00000229807,XIST,7503,X,-10,3.3e-182,4e-179
NCRNA00185|55410,NA,NA,NA,NA,4.7,1.7e-137,2e-134
TSIX|9383,ENSG00000270641,TSIX,9383,X,-5.9,1.1e-117,1.1e-114
ZRSR2|8233,ENSG00000169249,ZRSR2,8233,X,-0.55,5.9e-26,5.9e-23
ZFX|7543,ENSG00000005889,ZFX,7543,X,-0.52,8.5e-26,8e-23
KDM6A|7403,ENSG00000147050,KDM6A,7403,X,-0.52,5.4e-21,4.8e-18
NCRNA00183|554203,ENSG00000225470,JPX,554203,X,-0.43,1.6e-19,1.4e-16
HDHD1A|8226,ENSG00000130021,PUDP,8226,X,-0.66,1.6e-17,1.3e-14
STS|412,ENSG00000101846,STS,412,X,-0.84,2.9e-15,2.2e-12
KDM5C|8242,ENSG00000126012,KDM5C,8242,X,-0.41,3.4e-15,2.5e-12
DDX3X|1654,ENSG00000215301,DDX3X,1654,X,-0.33,7.9e-15,5.4e-12
EIF1AX|1964,ENSG00000173674,EIF1AX,1964,X,-0.39,8e-15,5.4e-12
ARSD|414,ENSG00000006756,ARSD,414,X,-0.67,1.2e-14,7.7e-12
CA5BP|340591,ENSG00000186312,CA5BP1,340591,X,-0.41,4.4e-14,2.7e-11
PNPLA4|8228,ENSG00000006757,PNPLA4,8228,X,-0.51,2.9e-10,1.7e-07
RPS4X|6191,ENSG00000198034,RPS4X,6191,X,-0.38,1e-09,5.8e-07
CA5B|11238,ENSG00000169239,CA5B,11238,X,-0.35,8.8e-09,5e-06
TRAPPC2|6399,ENSG00000196459,TRAPPC2,6399,X,-0.26,3e-08,1.6e-05
MEGF11|84465,ENSG00000277848,MEGF11,84465,CHR_HSCHR15_2_CTG8,-1.2,2e-07,1e-04
SYAP1|94056,ENSG00000169895,SYAP1,94056,X,-0.27,2.2e-07,0.00011
RTN4R|65078,ENSG00000040608,RTN4R,65078,22,-0.53,2.3e-07,0.00012
IFNAR2|3455,ENSG00000159110,IFNAR2,3455,21,-0.33,2.5e-07,0.00012
CA10|56934,ENSG00000154975,CA10,56934,17,-1.5,2.6e-07,0.00012
FUNDC1|139341,ENSG00000069509,FUNDC1,139341,X,-0.28,2.7e-07,0.00012
DDX43|55510,ENSG00000080007,DDX43,55510,6,1.3,2.9e-07,0.00013
EGFR|1956,ENSG00000146648,EGFR,1956,7,-0.71,3e-07,0.00013
SPESP1|246777,ENSG00000258484,SPESP1,246777,15,0.92,3.1e-07,0.00013
SHISA3|152573,ENSG00000178343,SHISA3,152573,4,-1.4,4.6e-07,0.00019
ZNF737|100129842,ENSG00000237440,ZNF737,100129842,19,-0.58,6.5e-07,0.00026
FRG1B|284802,NA,NA,NA,NA,0.35,7.2e-07,0.00028
CYP21A2|1589,ENSG00000231852,CYP21A2,1589,6,-0.73,9.1e-07,0.00033
ARHGDIB|397,ENSG00000111348,ARHGDIB,397,12,-0.4,9.1e-07,0.00033
NDUFS1|4719,ENSG00000023228,NDUFS1,4719,2,0.24,9.2e-07,0.00033
SMC1A|8243,ENSG00000072501,SMC1A,8243,X,-0.29,9.2e-07,0.00033
ZNF682|91120,ENSG00000197124,ZNF682,91120,19,-0.73,9.8e-07,0.00034
SEPT6|23157,ENSG00000125354,SEPT6,23157,X,-0.33,1e-06,0.00034
SLC5A1|6523,ENSG00000100170,SLC5A1,6523,22,-1.4,1.1e-06,0.00035
KLHL29|114818,ENSG00000119771,KLHL29,114818,2,-0.61,1.1e-06,0.00036
TXLNG|55787,ENSG00000086712,TXLNG,55787,X,-0.34,1.3e-06,0.00043
COL8A2|1296,ENSG00000171812,COL8A2,1296,1,-0.6,1.6e-06,0.00052
C6orf123|26238,ENSG00000146521,LINC01558,26238,6,-0.58,1.9e-06,0.00058
C4A|720,ENSG00000227746,C4A,720,CHR_HSCHR6_MHC_MCF_CTG1,-0.65,2.1e-06,0.00063
OFD1|8481,ENSG00000046651,OFD1,8481,X,-0.28,2.2e-06,0.00066
DUSP9|1852,ENSG00000130829,DUSP9,1852,X,-1.1,2.4e-06,0.00072
INSL4|3641,ENSG00000120211,INSL4,3641,9,1.5,2.6e-06,0.00076
CLEC4F|165530,ENSG00000152672,CLEC4F,165530,2,-0.83,2.7e-06,0.00078
CLDN9|9080,ENSG00000213937,CLDN9,9080,16,-0.94,2.8e-06,0.00079
ZNF486|90649,ENSG00000256229,ZNF486,90649,19,-0.87,3.3e-06,0.00089
ADAMTS17|170691,ENSG00000140470,ADAMTS17,170691,15,-0.63,3.3e-06,0.00089
AGMAT|79814,ENSG00000116771,AGMAT,79814,1,0.56,3.4e-06,0.00091
USP2|9099,ENSG00000036672,USP2,9099,11,-0.67,3.6e-06,0.00095
HLA-DQB2|3120,ENSG00000232629,HLA-DQB2,3120,6,-0.91,4e-06,0.001
MEOX1|4222,ENSG00000005102,MEOX1,4222,17,-0.66,4.2e-06,0.0011
UBA1|7317,ENSG00000130985,UBA1,7317,X,-0.2,4.9e-06,0.0012
SLC6A20|54716,ENSG00000163817,SLC6A20,54716,3,-1.1,5e-06,0.0012
CXorf38|159013,ENSG00000185753,CXorf38,159013,X,-0.22,5.7e-06,0.0014
ZNF85|7639,ENSG00000105750,ZNF85,7639,19,-0.41,5.9e-06,0.0014
RIMBP3C|150221,ENSG00000183246,RIMBP3C,150221,22,-0.5,6e-06,0.0014
PCSK1N|27344,ENSG00000102109,PCSK1N,27344,X,-1.1,6.2e-06,0.0014
CYTH3|9265,ENSG00000008256,CYTH3,9265,7,-0.42,6.8e-06,0.0016
CX3CL1|6376,ENSG00000006210,CX3CL1,6376,16,-0.7,7e-06,0.0016
C21orf122|728039,ENSG00000235374,SSR4P1,728039,21,-0.36,7.2e-06,0.0016
LOC400794|400794,ENSG00000237463,,400794,1,-0.93,7.6e-06,0.0017
CD83|9308,ENSG00000112149,CD83,9308,6,-0.42,8.1e-06,0.0018
GDPD5|81544,ENSG00000158555,GDPD5,81544,11,-0.41,8.9e-06,0.0019
LRRC55|219527,ENSG00000183908,LRRC55,219527,11,-0.81,9.3e-06,0.002
LRRTM1|347730,ENSG00000162951,LRRTM1,347730,2,-1.1,9.5e-06,0.002
IL1F7|27178,ENSG00000125571,IL37,27178,2,-1.5,1.1e-05,0.0022
PITRM1|10531,ENSG00000107959,PITRM1,10531,10,0.23,1.2e-05,0.0025
EHD1|10938,ENSG00000110047,EHD1,10938,11,-0.28,1.3e-05,0.0025
RASL11A|387496,ENSG00000122035,RASL11A,387496,13,-0.5,1.3e-05,0.0025
FADS6|283985,ENSG00000172782,FADS6,283985,17,-1.1,1.3e-05,0.0026
MFSD4|148808,ENSG00000174514,MFSD4,148808,1,-0.89,1.3e-05,0.0026
LDLRAP1|26119,ENSG00000157978,LDLRAP1,26119,1,-0.26,1.4e-05,0.0027
LOC284578|284578,NA,NA,NA,NA,-0.96,1.4e-05,0.0028
KIAA1549|57670,ENSG00000122778,KIAA1549,57670,7,0.49,1.6e-05,0.003
KCNK5|8645,ENSG00000164626,KCNK5,8645,6,-0.59,1.7e-05,0.0031
SOCS1|8651,ENSG00000185338,SOCS1,8651,16,-0.42,1.7e-05,0.0032
C18orf1|753,ENSG00000168675,LDLRAD4,753,18,-0.44,1.8e-05,0.0032
GFRA1|2674,ENSG00000151892,GFRA1,2674,10,-0.84,1.8e-05,0.0032
RPN2|6185,ENSG00000118705,RPN2,6185,20,0.22,1.8e-05,0.0032
STAM|8027,ENSG00000136738,STAM,8027,10,0.19,1.8e-05,0.0032
DHTKD1|55526,ENSG00000181192,DHTKD1,55526,10,0.26,1.9e-05,0.0034
CYP4F3|4051,ENSG00000186529,CYP4F3,4051,19,1.3,2e-05,0.0035
RPRD1A|55197,ENSG00000141425,RPRD1A,55197,18,0.27,2e-05,0.0035
SPRY1|10252,ENSG00000164056,SPRY1,10252,4,-0.32,2e-05,0.0035
RFX2|5990,ENSG00000087903,RFX2,5990,19,-0.42,2.1e-05,0.0035
USP9X|8239,ENSG00000124486,USP9X,8239,X,-0.21,2.1e-05,0.0035
SHROOM4|57477,ENSG00000158352,SHROOM4,57477,X,-0.51,2.2e-05,0.0036
FAM43B|163933,ENSG00000183114,FAM43B,163933,1,-0.5,2.2e-05,0.0036
CDC123|8872,ENSG00000151465,CDC123,8872,10,0.2,2.2e-05,0.0036
IFNAR1|3454,ENSG00000142166,IFNAR1,3454,21,-0.18,2.4e-05,0.0039
LOC283174|283174,ENSG00000280237,MIR4697HG,283174,11,-0.89,2.5e-05,0.004
DARS2|55157,ENSG00000117593,DARS2,55157,1,0.27,2.7e-05,0.0042
GLB1L3|112937,ENSG00000166105,GLB1L3,112937,11,-1.5,2.7e-05,0.0042
ACBD5|91452,ENSG00000107897,ACBD5,91452,10,0.22,2.8e-05,0.0043
CYS1|192668,ENSG00000205795,CYS1,192668,2,-0.7,2.8e-05,0.0043
RIMBP3|85376,ENSG00000275793,RIMBP3,85376,22,-0.45,3e-05,0.0046
HOXD1|3231,ENSG00000128645,HOXD1,3231,2,-0.94,3.1e-05,0.0046
ZNF204P|7754,NA,NA,NA,NA,-0.52,3.1e-05,0.0046
CASP10|843,ENSG00000003400,CASP10,843,2,-0.29,3.1e-05,0.0046
ZDHHC15|158866,ENSG00000102383,ZDHHC15,158866,X,-0.64,3.2e-05,0.0046
PRKX|5613,ENSG00000183943,PRKX,5613,X,-0.29,3.2e-05,0.0046
CCDC77|84318,ENSG00000120647,CCDC77,84318,12,0.26,3.3e-05,0.0047
SOX8|30812,ENSG00000005513,SOX8,30812,16,-0.66,3.3e-05,0.0047
FAM176A|84141,ENSG00000115363,EVA1A,84141,2,-0.53,3.3e-05,0.0047
KAL1|3730,ENSG00000011201,ANOS1,3730,X,-0.57,3.4e-05,0.0048
GTPBP4|23560,ENSG00000107937,GTPBP4,23560,10,0.25,3.5e-05,0.0048
PAPLN|89932,ENSG00000100767,PAPLN,89932,14,-0.43,3.6e-05,0.005
NDN|4692,ENSG00000182636,NDN,4692,15,-0.41,4e-05,0.0054
MYOZ1|58529,ENSG00000177791,MYOZ1,58529,10,-0.66,4e-05,0.0054
NOP56|10528,ENSG00000101361,NOP56,10528,20,0.23,4.1e-05,0.0055
PEA15|8682,ENSG00000162734,PEA15,8682,1,-0.21,4.1e-05,0.0055
ANKRD58|347454,ENSG00000187808,SOWAHD,347454,X,-0.41,4.3e-05,0.0057
EHD4|30844,ENSG00000103966,EHD4,30844,15,-0.19,4.4e-05,0.0057
CREB5|9586,ENSG00000146592,CREB5,9586,7,-0.51,4.4e-05,0.0057
IDH1|3417,ENSG00000138413,IDH1,3417,2,0.3,4.5e-05,0.0058
SORD|6652,ENSG00000140263,SORD,6652,15,0.32,4.5e-05,0.0058
TMEM63C|57156,ENSG00000165548,TMEM63C,57156,14,-0.94,5.1e-05,0.0065
RGMA|56963,ENSG00000182175,RGMA,56963,15,-0.61,5.1e-05,0.0065
CLECL1|160365,ENSG00000184293,CLECL1,160365,12,-0.52,5.2e-05,0.0065
CXorf21|80231,ENSG00000120280,CXorf21,80231,X,-0.42,5.3e-05,0.0066
COL19A1|1310,ENSG00000082293,COL19A1,1310,6,-0.6,5.3e-05,0.0066
GALNT10|55568,ENSG00000164574,GALNT10,55568,5,-0.38,5.4e-05,0.0066
CPAMD8|27151,ENSG00000160111,CPAMD8,27151,19,-0.77,5.5e-05,0.0066
CD207|50489,ENSG00000116031,CD207,50489,2,-1.1,5.5e-05,0.0066
SLC15A2|6565,ENSG00000163406,SLC15A2,6565,3,-0.58,5.7e-05,0.0068
GGH|8836,ENSG00000137563,GGH,8836,8,0.55,5.7e-05,0.0068
IGSF9B|22997,ENSG00000080854,IGSF9B,22997,11,-0.83,5.8e-05,0.0068
RNF175|285533,ENSG00000145428,RNF175,285533,4,-0.51,5.8e-05,0.0068
CCL17|6361,ENSG00000102970,CCL17,6361,16,-0.82,5.8e-05,0.0068
MTMR2|8898,ENSG00000087053,MTMR2,8898,11,0.21,5.8e-05,0.0068
VPS37A|137492,ENSG00000155975,VPS37A,137492,8,0.26,6e-05,0.0069
C12orf69|440087,ENSG00000179256,SMCO3,440087,12,-0.47,6e-05,0.0069
HPCAL4|51440,ENSG00000116983,HPCAL4,51440,1,-0.83,6.1e-05,0.0069
S1PR2|9294,ENSG00000267534,S1PR2,9294,19,-0.24,6.1e-05,0.0069
CDSN|1041,ENSG00000206460,CDSN,1041,CHR_HSCHR6_MHC_QBL_CTG1,-0.66,6.6e-05,0.0074
MYBPC1|4604,ENSG00000196091,MYBPC1,4604,12,0.96,6.7e-05,0.0074
ZNF626|199777,ENSG00000188171,ZNF626,199777,19,-0.6,6.7e-05,0.0074
CACNA1I|8911,ENSG00000100346,CACNA1I,8911,22,-0.74,6.8e-05,0.0074
C20orf7|79133,ENSG00000101247,NDUFAF5,79133,20,0.27,6.8e-05,0.0075
GNPNAT1|64841,ENSG00000100522,GNPNAT1,64841,14,0.3,7e-05,0.0075
GLYATL2|219970,ENSG00000156689,GLYATL2,219970,11,-0.95,7e-05,0.0075
SLC6A3|6531,ENSG00000142319,SLC6A3,6531,5,-1.2,7.1e-05,0.0076
RIBC1|158787,ENSG00000158423,RIBC1,158787,X,-0.47,7.3e-05,0.0077
TXNRD1|7296,ENSG00000198431,TXNRD1,7296,12,0.56,7.3e-05,0.0078
UPP1|7378,ENSG00000183696,UPP1,7378,7,-0.39,7.5e-05,0.0079
SEPHS1|22929,ENSG00000086475,SEPHS1,22929,10,0.17,7.6e-05,0.0079
CD1B|910,ENSG00000158485,CD1B,910,1,-0.78,7.7e-05,0.008
SCO1|6341,ENSG00000133028,SCO1,6341,17,0.17,7.8e-05,0.008
PEX5|5830,ENSG00000139197,PEX5,5830,12,0.2,8.1e-05,0.0083
FGA|2243,ENSG00000171560,FGA,2243,4,1.5,8.2e-05,0.0084
PRRT3|285368,ENSG00000163704,PRRT3,285368,3,-0.38,8.5e-05,0.0086
TTLL2|83887,ENSG00000120440,TTLL2,83887,6,-0.64,8.9e-05,0.0088
LPCAT1|79888,ENSG00000275079,LPCAT1,79888,CHR_HSCHR5_3_CTG1,-0.49,8.9e-05,0.0088
SRXN1|140809,ENSG00000271303,SRXN1,140809,20,0.53,8.9e-05,0.0088
C1orf133|574036,NA,NA,NA,NA,-0.52,8.9e-05,0.0088
CD1C|911,ENSG00000158481,CD1C,911,1,-0.7,8.9e-05,0.0088
GGA2|23062,ENSG00000103365,GGA2,23062,16,-0.19,9e-05,0.0088
EMB|133418,ENSG00000170571,EMB,133418,5,-0.45,9e-05,0.0088
IFNGR2|3460,ENSG00000262795,IFNGR2,3460,CHR_HSCHR21_4_CTG1_1,-0.22,9.3e-05,0.009
KCTD3|51133,ENSG00000136636,KCTD3,51133,1,0.32,9.8e-05,0.0093
MCCC2|64087,ENSG00000131844,MCCC2,64087,5,0.2,9.8e-05,0.0093
CD1E|913,ENSG00000158488,CD1E,913,1,-0.78,9.8e-05,0.0093
CASR|846,ENSG00000036828,CASR,846,3,-0.99,9.8e-05,0.0093
LEFTY2|7044,ENSG00000143768,LEFTY2,7044,1,-0.73,9.9e-05,0.0093
CYSLTR1|10800,ENSG00000173198,CYSLTR1,10800,X,-0.51,9.9e-05,0.0093
MRPL42|28977,ENSG00000198015,MRPL42,28977,12,0.23,1e-04,0.0093
MEF2C|4208,ENSG00000081189,MEF2C,4208,5,-0.35,1e-04,0.0095
KCNJ15|3772,ENSG00000157551,KCNJ15,3772,21,-0.73,1e-04,0.0096
ZFP42|132625,ENSG00000179059,ZFP42,132625,4,1.1,1e-04,0.0096
TMEM233|387890,ENSG00000224982,TMEM233,387890,12,-0.59,0.00011,0.0096
MKRN3|7681,ENSG00000179455,MKRN3,7681,15,0.91,0.00011,0.0096
DLX3|1747,ENSG00000064195,DLX3,1747,17,-0.79,0.00011,0.0096
DCTN6|10671,ENSG00000104671,DCTN6,10671,8,0.2,0.00011,0.0096
FLJ35776|649446,NA,NA,NA,NA,0.36,0.00011,0.0096
LIX1L|128077,ENSG00000271601,LIX1L,128077,1,-0.3,0.00011,0.0096
PTCHD2|57540,ENSG00000204624,PTCHD2,57540,1,-0.74,0.00011,0.0096
PGD|5226,ENSG00000142657,PGD,5226,1,0.37,0.00011,0.0096
SEMA4G|57715,ENSG00000095539,SEMA4G,57715,10,0.52,0.00011,0.0096
PDE6B|5158,ENSG00000133256,PDE6B,5158,4,-0.52,0.00011,0.0096
ZFP36L1|677,ENSG00000185650,ZFP36L1,677,14,-0.31,0.00011,0.0096
GFM2|84340,ENSG00000164347,GFM2,84340,5,0.19,0.00011,0.0098
XKRX|402415,ENSG00000182489,XKRX,402415,X,-0.71,0.00011,0.0098
FAM129A|116496,ENSG00000135842,FAM129A,116496,1,-0.41,0.00011,0.0098
KCNE3|10008,ENSG00000175538,KCNE3,10008,11,0.41,0.00012,0.0099
GRIK4|2900,ENSG00000149403,GRIK4,2900,11,-0.56,0.00012,0.01
CHUK|1147,ENSG00000213341,CHUK,1147,10,0.18,0.00012,0.01
MRPS35|60488,ENSG00000061794,MRPS35,60488,12,0.25,0.00012,0.01
SCN2B|6327,ENSG00000149575,SCN2B,6327,11,-0.62,0.00012,0.01
KLHDC8A|55220,ENSG00000162873,KLHDC8A,55220,1,-0.6,0.00012,0.01
INE1|8552,ENSG00000224975,INE1,8552,X,-0.34,0.00012,0.01
CST6|1474,ENSG00000175315,CST6,1474,11,-0.8,0.00012,0.01
RASGRF1|5923,ENSG00000058335,RASGRF1,5923,15,-0.82,0.00012,0.01
CHRNA6|8973,ENSG00000147434,CHRNA6,8973,8,-0.45,0.00012,0.01
CEACAM21|90273,ENSG00000007129,CEACAM21,90273,19,-0.49,0.00013,0.01
TLR2|7097,ENSG00000137462,TLR2,7097,4,-0.46,0.00013,0.01
OLIG1|116448,ENSG00000184221,OLIG1,116448,21,-0.74,0.00013,0.01
MAPKAPK5|8550,ENSG00000089022,MAPKAPK5,8550,12,0.15,0.00013,0.01
C19orf48|84798,ENSG00000167747,C19orf48,84798,19,0.29,0.00013,0.01
FCGBP|8857,ENSG00000275395,FCGBP,8857,19,-0.76,0.00013,0.01
SLCO1A2|6579,ENSG00000084453,SLCO1A2,6579,12,0.97,0.00013,0.01
GATA5|140628,ENSG00000130700,GATA5,140628,20,-0.6,0.00013,0.01
LIMK1|3984,ENSG00000106683,LIMK1,3984,7,-0.28,0.00014,0.011
WBSCR17|64409,ENSG00000185274,WBSCR17,64409,7,-0.65,0.00014,0.011
COX15|1355,ENSG00000014919,COX15,1355,10,0.16,0.00014,0.011
FXR2|9513,ENSG00000129245,FXR2,9513,17,0.17,0.00014,0.011
TMEM132E|124842,ENSG00000181291,TMEM132E,124842,17,-0.6,0.00014,0.011
HSPA14|51182,ENSG00000187522,HSPA14,51182,10,0.2,0.00015,0.011
ZNF391|346157,ENSG00000124613,ZNF391,346157,6,-0.43,0.00015,0.011
ANKRD53|79998,ENSG00000144031,ANKRD53,79998,2,-0.46,0.00015,0.011
HGD|3081,ENSG00000113924,HGD,3081,3,1.1,0.00015,0.011
LHX9|56956,ENSG00000143355,LHX9,56956,1,-0.83,0.00015,0.011
PLD4|122618,ENSG00000166428,PLD4,122618,14,-0.61,0.00015,0.011
ZNF43|7594,ENSG00000198521,ZNF43,7594,19,-0.4,0.00015,0.011
FGG|2266,ENSG00000171557,FGG,2266,4,1.5,0.00016,0.011
GSR|2936,ENSG00000104687,GSR,2936,8,0.37,0.00016,0.011
EYS|346007,ENSG00000188107,EYS,346007,6,0.59,0.00016,0.012
TMEM14A|28978,ENSG00000096092,TMEM14A,28978,6,0.26,0.00016,0.012
FXYD4|53828,ENSG00000150201,FXYD4,53828,10,1.1,0.00017,0.012
GNG7|2788,ENSG00000176533,GNG7,2788,19,-0.43,0.00017,0.012
ZNF287|57336,ENSG00000141040,ZNF287,57336,17,-0.34,0.00017,0.012
ATP8A2|51761,ENSG00000132932,ATP8A2,51761,13,-0.67,0.00017,0.012
HSPB8|26353,ENSG00000152137,HSPB8,26353,12,-0.45,0.00017,0.012
GGT3P|2679,NA,NA,NA,NA,-0.55,0.00017,0.012
RYR1|6261,ENSG00000196218,RYR1,6261,19,-0.75,0.00017,0.012
LDOC1|23641,ENSG00000182195,LDOC1,23641,X,-0.52,0.00017,0.012
PIGR|5284,ENSG00000162896,PIGR,5284,1,-1.1,0.00018,0.012
S100P|6286,ENSG00000163993,S100P,6286,4,1.2,0.00018,0.012
SLC39A5|283375,ENSG00000139540,SLC39A5,283375,12,0.88,0.00018,0.012
SLC1A7|6512,ENSG00000162383,SLC1A7,6512,1,-1.1,0.00018,0.012
SLC7A11|23657,ENSG00000151012,SLC7A11,23657,4,0.72,0.00018,0.012
MID2|11043,ENSG00000080561,MID2,11043,X,-0.29,0.00018,0.012
ICAM1|3383,ENSG00000090339,ICAM1,3383,19,-0.45,0.00018,0.012
RBM17|84991,ENSG00000134453,RBM17,84991,10,0.15,0.00018,0.012
GPSM3|63940,ENSG00000213654,GPSM3,63940,6,-0.31,0.00019,0.013
FCAMR|83953,ENSG00000162897,FCAMR,83953,1,-0.63,0.00019,0.013
ZNF354A|6940,ENSG00000169131,ZNF354A,6940,5,-0.2,0.00019,0.013
MAP6|4135,ENSG00000171533,MAP6,4135,11,-0.47,0.00019,0.013
HSPD1|3329,ENSG00000144381,HSPD1,3329,2,0.24,2e-04,0.013
EML4|27436,ENSG00000143924,EML4,27436,2,-0.23,2e-04,0.013
HIP1|3092,ENSG00000127946,HIP1,3092,7,-0.36,2e-04,0.013
MAMLD1|10046,ENSG00000013619,MAMLD1,10046,X,-0.44,2e-04,0.013
CEACAM4|1089,ENSG00000274131,CEACAM4,1089,CHR_HSCHR19_3_CTG3_1,-0.6,2e-04,0.013
EXPH5|23086,ENSG00000110723,EXPH5,23086,11,-0.35,2e-04,0.013
MTPAP|55149,ENSG00000107951,MTPAP,55149,10,0.17,2e-04,0.013
DPP4|1803,ENSG00000197635,DPP4,1803,2,-0.7,2e-04,0.013
GPR116|221395,ENSG00000069122,ADGRF5,221395,6,-0.56,2e-04,0.013
DUSP4|1846,ENSG00000120875,DUSP4,1846,8,0.61,2e-04,0.013
PTER|9317,ENSG00000165983,PTER,9317,10,0.24,2e-04,0.013
IDI1|3422,ENSG00000067064,IDI1,3422,10,0.27,0.00021,0.013
DIO1|1733,ENSG00000211452,DIO1,1733,1,-0.78,0.00021,0.013
ZSCAN23|222696,ENSG00000187987,ZSCAN23,222696,6,-0.63,0.00021,0.013
UGDH|7358,ENSG00000109814,UGDH,7358,4,0.44,0.00022,0.014
SLMO2|51012,ENSG00000101166,PRELID3B,51012,20,0.23,0.00022,0.014
GEMIN8|54960,ENSG00000046647,GEMIN8,54960,X,-0.19,0.00023,0.014
LMX1B|4010,ENSG00000136944,LMX1B,4010,9,-0.87,0.00023,0.014
RHBDL3|162494,ENSG00000141314,RHBDL3,162494,17,-0.64,0.00023,0.014
CPS1|1373,ENSG00000021826,CPS1,1373,2,1.4,0.00023,0.014
TNNC2|7125,ENSG00000101470,TNNC2,7125,20,-0.94,0.00023,0.014
HMOX2|3163,ENSG00000103415,HMOX2,3163,16,-0.19,0.00023,0.014
PVALB|5816,ENSG00000274665,PVALB,5816,CHR_HSCHR22_1_CTG5,-0.58,0.00024,0.015
CCDC8|83987,ENSG00000169515,CCDC8,83987,19,-0.43,0.00024,0.015
FAM46A|55603,ENSG00000112773,FAM46A,55603,6,0.37,0.00024,0.015
BZRAP1|9256,ENSG00000005379,BZRAP1,9256,17,-0.51,0.00024,0.015
EFHC2|80258,ENSG00000183690,EFHC2,80258,X,-0.67,0.00025,0.015
HLA-DOB|3112,ENSG00000243496,HLA-DOB,3112,CHR_HSCHR6_MHC_DBB_CTG1,-0.48,0.00025,0.015
FASN|2194,ENSG00000169710,FASN,2194,17,0.4,0.00025,0.015
IQSEC2|23096,ENSG00000124313,IQSEC2,23096,X,-0.24,0.00025,0.015
MAP1LC3C|440738,ENSG00000197769,MAP1LC3C,440738,1,-0.68,0.00026,0.015
EN2|2020,ENSG00000164778,EN2,2020,7,-0.86,0.00026,0.015
DGCR6|8214,ENSG00000183628,DGCR6,8214,22,-0.33,0.00026,0.015
GNL3|26354,ENSG00000163938,GNL3,26354,3,0.19,0.00026,0.015
DBNL|28988,ENSG00000136279,DBNL,28988,7,-0.18,0.00026,0.015
PBK|55872,ENSG00000168078,PBK,55872,8,0.53,0.00026,0.015
INTS7|25896,ENSG00000143493,INTS7,25896,1,0.2,0.00027,0.016
POM121L8P|29797,NA,NA,NA,NA,-0.47,0.00027,0.016
MOSC1|64757,ENSG00000186205,MARC1,64757,1,0.52,0.00027,0.016
GPR110|266977,ENSG00000153292,ADGRF1,266977,6,-1.1,0.00028,0.016
OPRK1|4986,ENSG00000082556,OPRK1,4986,8,-0.95,0.00028,0.016
CDR1|1038,ENSG00000184258,CDR1,1038,X,-0.54,0.00029,0.016
SEC23B|10483,ENSG00000101310,SEC23B,10483,20,0.2,0.00029,0.016
ARHGAP20|57569,ENSG00000137727,ARHGAP20,57569,11,-0.57,0.00029,0.016
CYP2U1|113612,ENSG00000155016,CYP2U1,113612,4,-0.27,0.00029,0.017
ACADM|34,ENSG00000117054,ACADM,34,1,0.2,3e-04,0.017
ATP2A2|488,ENSG00000174437,ATP2A2,488,12,0.19,3e-04,0.017
LRRC37A3|374819,ENSG00000176809,LRRC37A3,374819,17,-0.35,3e-04,0.017
FAM7A3|89837,ENSG00000178081,ULK4P3,89837,15,-0.4,0.00031,0.017
TRIM16L|147166,ENSG00000108448,TRIM16L,147166,17,0.57,0.00032,0.018
FAM159A|348378,ENSG00000182183,FAM159A,348378,1,-0.41,0.00032,0.018
SEPN1|57190,ENSG00000162430,SEPN1,57190,1,-0.18,0.00032,0.018
GFAP|2670,ENSG00000131095,GFAP,2670,17,-0.69,0.00032,0.018
SLC35F3|148641,ENSG00000183780,SLC35F3,148641,1,-0.75,0.00033,0.018
MT1F|4494,ENSG00000198417,MT1F,4494,16,-0.41,0.00033,0.018
MKKS|8195,ENSG00000125863,MKKS,8195,20,0.19,0.00033,0.018
NPTXR|23467,ENSG00000221890,NPTXR,23467,22,-0.51,0.00033,0.018
ABI1|10006,ENSG00000136754,ABI1,10006,10,0.13,0.00033,0.018
SCN5A|6331,ENSG00000183873,SCN5A,6331,3,-0.59,0.00033,0.018
UXS1|80146,ENSG00000115652,UXS1,80146,2,-0.18,0.00034,0.018
KAZ|23254,ENSG00000189337,KAZN,23254,1,-0.39,0.00034,0.018
KIF21A|55605,ENSG00000139116,KIF21A,55605,12,0.29,0.00034,0.018
GRSF1|2926,ENSG00000132463,GRSF1,2926,4,0.14,0.00034,0.018
GDF11|10220,ENSG00000135414,GDF11,10220,12,-0.29,0.00034,0.018
ENG|2022,ENSG00000106991,ENG,2022,9,-0.28,0.00035,0.018
PANK1|53354,ENSG00000152782,PANK1,53354,10,0.3,0.00035,0.018
SDC3|9672,ENSG00000162512,SDC3,9672,1,-0.28,0.00035,0.018
GGT8P|645367,NA,NA,NA,NA,-0.59,0.00035,0.018
ADRB2|154,ENSG00000169252,ADRB2,154,5,-0.5,0.00035,0.018
CWF19L1|55280,ENSG00000095485,CWF19L1,55280,10,0.18,0.00035,0.018
ADAMTS16|170690,ENSG00000145536,ADAMTS16,170690,5,-0.64,0.00036,0.019
MASTL|84930,ENSG00000120539,MASTL,84930,10,0.22,0.00036,0.019
AKR1C2|1646,ENSG00000151632,AKR1C2,1646,10,1.3,0.00036,0.019
AIMP1|9255,ENSG00000164022,AIMP1,9255,4,0.13,0.00036,0.019
HDAC7|51564,ENSG00000061273,HDAC7,51564,12,-0.19,0.00037,0.019
RRAD|6236,ENSG00000166592,RRAD,6236,16,-0.62,0.00037,0.019
LOC595101|595101,NA,NA,NA,NA,-0.29,0.00037,0.019
NYNRIN|57523,ENSG00000205978,NYNRIN,57523,14,-0.39,0.00038,0.019
TNFAIP8|25816,ENSG00000145779,TNFAIP8,25816,5,-0.3,0.00038,0.019
C7orf57|136288,ENSG00000164746,C7orf57,136288,7,-0.71,0.00038,0.019
MYBPHL|343263,ENSG00000221986,MYBPHL,343263,1,-0.98,0.00038,0.019
STK17A|9263,ENSG00000164543,STK17A,9263,7,-0.27,0.00038,0.019
KLC3|147700,ENSG00000104892,KLC3,147700,19,-0.58,0.00038,0.019
FMNL3|91010,ENSG00000161791,FMNL3,91010,12,-0.23,0.00038,0.019
SCD|6319,ENSG00000099194,SCD,6319,10,0.36,0.00039,0.019
TCEAL2|140597,ENSG00000184905,TCEAL2,140597,X,-0.61,0.00039,0.019
ATP5B|506,ENSG00000110955,ATP5B,506,12,0.19,4e-04,0.02
CDHR5|53841,ENSG00000099834,CDHR5,53841,11,0.89,4e-04,0.02
B3GAT1|27087,ENSG00000109956,B3GAT1,27087,11,-0.77,4e-04,0.02
N4BP2L1|90634,ENSG00000139597,N4BP2L1,90634,13,-0.31,4e-04,0.02
ZNF557|79230,ENSG00000130544,ZNF557,79230,19,-0.18,4e-04,0.02
PADI2|11240,ENSG00000117115,PADI2,11240,1,-0.49,4e-04,0.02
T|6862,ENSG00000164458,T,6862,6,-0.84,4e-04,0.02
COX10|1352,ENSG00000006695,COX10,1352,17,0.15,4e-04,0.02
FXYD5|53827,ENSG00000089327,FXYD5,53827,19,-0.35,4e-04,0.02
SUDS3|64426,ENSG00000111707,SUDS3,64426,12,0.18,0.00041,0.02
DKFZP586I1420|222161,NA,NA,NA,NA,-0.22,0.00041,0.02
AGFG1|3267,ENSG00000173744,AGFG1,3267,2,0.18,0.00041,0.02
ZNF846|162993,ENSG00000196605,ZNF846,162993,19,-0.25,0.00041,0.02
RFK|55312,ENSG00000135002,RFK,55312,9,0.26,0.00042,0.02
KGFLP2|654466,NA,NA,NA,NA,-0.33,0.00042,0.02
THSD7B|80731,ENSG00000144229,THSD7B,80731,2,-0.58,0.00042,0.02
IL24|11009,ENSG00000162892,IL24,11009,1,-0.47,0.00042,0.02
TXNIP|10628,ENSG00000265972,TXNIP,10628,1,-0.34,0.00042,0.02
FXYD7|53822,ENSG00000221946,FXYD7,53822,19,-0.42,0.00042,0.02
SSFA2|6744,ENSG00000138434,SSFA2,6744,2,0.22,0.00043,0.02
CHD1L|9557,ENSG00000131778,CHD1L,9557,1,0.2,0.00043,0.02
NLRP2|55655,ENSG00000277060,NLRP2,55655,CHR_HSCHR19LRC_PGF1_CTG3_1,-0.93,0.00043,0.02
IL28RA|163702,ENSG00000185436,IFNLR1,163702,1,-0.39,0.00043,0.02
CACNA1G|8913,ENSG00000006283,CACNA1G,8913,17,-0.6,0.00043,0.02
PAWR|5074,ENSG00000177425,PAWR,5074,12,0.22,0.00043,0.02
LOC647121|647121,ENSG00000231752,EMBP1,647121,1,-0.37,0.00043,0.02
AKR1C1|1645,ENSG00000187134,AKR1C1,1645,10,1.1,0.00045,0.021
ADAM8|101,ENSG00000151651,ADAM8,101,10,-0.41,0.00045,0.021
WDR12|55759,ENSG00000138442,WDR12,55759,2,0.21,0.00046,0.021
XDH|7498,ENSG00000158125,XDH,7498,2,-0.67,0.00046,0.021
GAB1|2549,ENSG00000109458,GAB1,2549,4,-0.24,0.00046,0.021
LETM1|3954,ENSG00000168924,LETM1,3954,4,0.17,0.00046,0.021
NCCRP1|342897,ENSG00000188505,NCCRP1,342897,19,-0.86,0.00046,0.021
CD59|966,ENSG00000085063,CD59,966,11,-0.27,0.00046,0.021
PLAT|5327,ENSG00000104368,PLAT,5327,8,-0.59,0.00046,0.021
TRANK1|9881,ENSG00000168016,TRANK1,9881,3,-0.28,0.00047,0.021
DOCK9|23348,ENSG00000088387,DOCK9,23348,13,-0.29,0.00047,0.021
TIMM17A|10440,ENSG00000134375,TIMM17A,10440,1,0.17,0.00047,0.021
DDC|1644,ENSG00000132437,DDC,1644,7,1.1,0.00047,0.021
SLFN5|162394,ENSG00000166750,SLFN5,162394,17,-0.29,0.00047,0.021
GSTM5|2949,ENSG00000134201,GSTM5,2949,1,-0.45,0.00047,0.021
CSNK2A1|1457,ENSG00000101266,CSNK2A1,1457,20,0.17,0.00047,0.021
LOXL1|4016,ENSG00000129038,LOXL1,4016,15,-0.35,0.00047,0.021
C12orf68|387856,ENSG00000177875,CCDC184,387856,12,-0.45,0.00048,0.021
GPR85|54329,ENSG00000164604,GPR85,54329,7,-0.39,0.00048,0.021
CILP|8483,ENSG00000138615,CILP,8483,15,-0.71,0.00048,0.021
CTSH|1512,ENSG00000103811,CTSH,1512,15,-0.46,0.00048,0.021
GAPT|202309,ENSG00000175857,GAPT,202309,5,-0.44,0.00048,0.021
PHF17|79960,ENSG00000077684,JADE1,79960,4,0.27,0.00048,0.021
C1QTNF7|114905,ENSG00000163145,C1QTNF7,114905,4,-0.59,0.00048,0.021
C1QL2|165257,ENSG00000144119,C1QL2,165257,2,-0.99,0.00048,0.021
SHC3|53358,ENSG00000148082,SHC3,53358,9,-0.58,0.00048,0.021
CABYR|26256,ENSG00000154040,CABYR,26256,18,0.75,0.00049,0.021
PLEKHH2|130271,ENSG00000152527,PLEKHH2,130271,2,-0.43,0.00049,0.021
COL25A1|84570,ENSG00000188517,COL25A1,84570,4,1.1,0.00049,0.021
VAV1|7409,ENSG00000141968,VAV1,7409,19,-0.34,0.00049,0.021
GSTO2|119391,ENSG00000065621,GSTO2,119391,10,0.58,0.00049,0.021
WLS|79971,ENSG00000116729,WLS,79971,1,-0.42,5e-04,0.021
MPZL2|10205,ENSG00000149573,MPZL2,10205,11,-0.39,5e-04,0.021
C6orf124|653483,ENSG00000198221,MLLT4-AS1,653483,6,-0.39,5e-04,0.021
APBB1|322,ENSG00000166313,APBB1,322,11,-0.33,0.00051,0.021
GALNTL1|57452,ENSG00000100626,GALNT16,57452,14,-0.59,0.00051,0.021
FCHSD2|9873,ENSG00000137478,FCHSD2,9873,11,-0.17,0.00051,0.021
SPATA5|166378,ENSG00000145375,SPATA5,166378,4,0.2,0.00051,0.021
ABLIM1|3983,ENSG00000099204,ABLIM1,3983,10,0.35,0.00052,0.022
TMEM159|57146,ENSG00000011638,TMEM159,57146,16,-0.32,0.00052,0.022
KIAA1614|57710,ENSG00000135835,KIAA1614,57710,1,-0.36,0.00053,0.022
PNMAL2|57469,ENSG00000204851,PNMAL2,57469,19,-0.41,0.00053,0.022
CMYA5|202333,ENSG00000164309,CMYA5,202333,5,-0.44,0.00053,0.022
ZNF701|55762,ENSG00000167562,ZNF701,55762,19,-0.24,0.00054,0.022
FLT3|2322,ENSG00000122025,FLT3,2322,13,-0.47,0.00054,0.022
OLR1|4973,ENSG00000173391,OLR1,4973,12,-0.49,0.00054,0.022
POU3F1|5453,ENSG00000185668,POU3F1,5453,1,-0.46,0.00055,0.022
CCDC120|90060,ENSG00000147144,CCDC120,90060,X,-0.24,0.00055,0.022
RSPO4|343637,ENSG00000101282,RSPO4,343637,20,-0.65,0.00055,0.022
PLCG2|5336,ENSG00000197943,PLCG2,5336,16,-0.3,0.00055,0.022
CDC42EP1|11135,ENSG00000128283,CDC42EP1,11135,22,-0.37,0.00055,0.022
BCO2|83875,ENSG00000197580,BCO2,83875,11,-0.45,0.00055,0.022
OLFM1|10439,ENSG00000130558,OLFM1,10439,9,-0.57,0.00055,0.022
SESN2|83667,ENSG00000130766,SESN2,83667,1,-0.22,0.00056,0.023
ABCC2|1244,ENSG00000023839,ABCC2,1244,10,0.95,0.00058,0.023
C8orf75|619351,ENSG00000251191,LINC00589,619351,8,0.54,0.00058,0.023
LOC643008|643008,ENSG00000204323,SMIM5,643008,17,-0.51,0.00058,0.023
AUTS2|26053,ENSG00000158321,AUTS2,26053,7,-0.49,0.00059,0.023
POLR3G|10622,ENSG00000113356,POLR3G,10622,5,0.34,0.00059,0.023
LRRC31|79782,ENSG00000114248,LRRC31,79782,3,-0.93,0.00059,0.023
LARP1B|55132,ENSG00000138709,LARP1B,55132,4,0.16,0.00059,0.024
KLHDC7A|127707,ENSG00000179023,KLHDC7A,127707,1,-0.64,6e-04,0.024
ANKRD34B|340120,ENSG00000189127,ANKRD34B,340120,5,-0.93,6e-04,0.024
ACAD8|27034,ENSG00000151498,ACAD8,27034,11,-0.31,6e-04,0.024
SNX25|83891,ENSG00000109762,SNX25,83891,4,-0.31,6e-04,0.024
TMEM173|340061,ENSG00000184584,TMEM173,340061,5,-0.32,0.00061,0.024
GGTLC1|92086,ENSG00000149435,GGTLC1,92086,20,-0.85,0.00061,0.024
ARX|170302,ENSG00000004848,ARX,170302,X,-0.86,0.00061,0.024
ADCY9|115,ENSG00000162104,ADCY9,115,16,-0.31,0.00061,0.024
MFSD6L|162387,ENSG00000185156,MFSD6L,162387,17,-0.7,0.00061,0.024
HLA-DQA2|3118,ENSG00000257473,HLA-DQA2,3118,CHR_HSCHR6_MHC_COX_CTG1,-0.56,0.00062,0.024
HLF|3131,ENSG00000108924,HLF,3131,17,-0.67,0.00062,0.024
TRIM37|4591,ENSG00000108395,TRIM37,4591,17,0.19,0.00062,0.024
EFNB3|1949,ENSG00000108947,EFNB3,1949,17,-0.51,0.00062,0.024
RGS11|8786,ENSG00000076344,RGS11,8786,16,-0.53,0.00062,0.024
APOBEC2|10930,ENSG00000124701,APOBEC2,10930,6,-0.62,0.00063,0.024
FRAT2|23401,ENSG00000181274,FRAT2,23401,10,0.22,0.00063,0.024
ZNF347|84671,ENSG00000197937,ZNF347,84671,19,-0.27,0.00063,0.024
SSC5D|284297,ENSG00000179954,SSC5D,284297,19,-0.4,0.00063,0.024
GCLM|2730,ENSG00000023909,GCLM,2730,1,0.36,0.00064,0.024
ANP32A|8125,ENSG00000140350,ANP32A,8125,15,0.14,0.00064,0.024
NWD1|284434,ENSG00000188039,NWD1,284434,19,-0.84,0.00065,0.024
PM20D1|148811,ENSG00000162877,PM20D1,148811,1,-0.49,0.00065,0.024
TMC8|147138,ENSG00000167895,TMC8,147138,17,-0.33,0.00065,0.024
CCR7|1236,ENSG00000126353,CCR7,1236,17,-0.46,0.00066,0.025
ZNF521|25925,ENSG00000198795,ZNF521,25925,18,-0.37,0.00066,0.025
ZNF578|147660,ENSG00000258405,ZNF578,147660,19,-0.53,0.00066,0.025
S100A1|6271,ENSG00000160678,S100A1,6271,1,-0.52,0.00066,0.025
MGLL|11343,ENSG00000074416,MGLL,11343,3,-0.37,0.00066,0.025
MAN1C1|57134,ENSG00000117643,MAN1C1,57134,1,-0.35,0.00067,0.025
MAGEA3|4102,ENSG00000221867,MAGEA3,4102,X,1.4,0.00067,0.025
ADD2|119,ENSG00000075340,ADD2,119,2,-0.57,0.00067,0.025
NAP1L5|266812,ENSG00000177432,NAP1L5,266812,4,-0.26,0.00067,0.025
TSR1|55720,ENSG00000167721,TSR1,55720,17,0.16,0.00067,0.025
DCUN1D3|123879,ENSG00000188215,DCUN1D3,123879,16,-0.2,0.00068,0.025
PLK3|1263,ENSG00000173846,PLK3,1263,1,-0.23,0.00068,0.025
AQP7P1|375719,NA,NA,NA,NA,-0.46,0.00068,0.025
SCGB3A1|92304,ENSG00000161055,SCGB3A1,92304,5,-1.1,0.00068,0.025
NAP1L3|4675,ENSG00000186310,NAP1L3,4675,X,-0.36,0.00068,0.025
CD40|958,ENSG00000101017,CD40,958,20,-0.36,0.00069,0.025
ICAM4|3386,ENSG00000105371,ICAM4,3386,19,-0.6,0.00069,0.025
MEGF6|1953,ENSG00000162591,MEGF6,1953,1,-0.41,0.00069,0.025
ADIPOR2|79602,ENSG00000006831,ADIPOR2,79602,12,0.18,7e-04,0.025
KIF5B|3799,ENSG00000170759,KIF5B,3799,10,0.15,0.00071,0.025
TMTC3|160418,ENSG00000139324,TMTC3,160418,12,0.2,0.00071,0.025
SSBP3|23648,ENSG00000157216,SSBP3,23648,1,-0.21,0.00071,0.025
PDE4D|5144,ENSG00000113448,PDE4D,5144,5,0.45,0.00071,0.025
DYRK1A|1859,ENSG00000157540,DYRK1A,1859,21,-0.13,0.00071,0.025
ANAPC7|51434,ENSG00000196510,ANAPC7,51434,12,0.15,0.00072,0.026
CD1A|909,ENSG00000158477,CD1A,909,1,-0.85,0.00072,0.026
PDSS1|23590,ENSG00000148459,PDSS1,23590,10,0.24,0.00072,0.026
ZNF14|7561,ENSG00000105708,ZNF14,7561,19,-0.2,0.00073,0.026
ZNF750|79755,ENSG00000141579,ZNF750,79755,17,-0.71,0.00073,0.026
S100Z|170591,ENSG00000171643,S100Z,170591,5,-0.4,0.00073,0.026
RAB36|9609,ENSG00000100228,RAB36,9609,22,-0.41,0.00074,0.026
DCHS2|54798,ENSG00000197410,DCHS2,54798,4,-0.57,0.00074,0.026
CLDN1|9076,ENSG00000163347,CLDN1,9076,3,-0.5,0.00075,0.026
NPAS1|4861,ENSG00000130751,NPAS1,4861,19,0.45,0.00075,0.026
GDF5|8200,ENSG00000125965,GDF5,8200,20,-0.65,0.00075,0.026
PRAP1|118471,ENSG00000165828,PRAP1,118471,10,0.94,0.00076,0.026
CYC1|1537,ENSG00000179091,CYC1,1537,8,0.25,0.00076,0.026
SCAND3|114821,ENSG00000248496,ZBED9,114821,CHR_HSCHR6_MHC_COX_CTG1,-0.65,0.00076,0.026
ANAPC5|51433,ENSG00000089053,ANAPC5,51433,12,0.14,0.00077,0.027
PDHX|8050,ENSG00000110435,PDHX,8050,11,0.16,0.00077,0.027
NR0B1|190,ENSG00000169297,NR0B1,190,X,1.1,0.00077,0.027
VASN|114990,ENSG00000274334,VASN,114990,CHR_HSCHR16_3_CTG1,-0.38,0.00078,0.027
SLFN13|146857,ENSG00000154760,SLFN13,146857,17,-0.34,0.00078,0.027
LARP4B|23185,ENSG00000107929,LARP4B,23185,10,0.17,0.00078,0.027
HDAC5|10014,ENSG00000108840,HDAC5,10014,17,-0.18,0.00079,0.027
PNPT1|87178,ENSG00000138035,PNPT1,87178,2,0.18,0.00079,0.027
MMP23B|8510,ENSG00000189409,MMP23B,8510,1,-0.38,0.00079,0.027
C15orf54|400360,NA,NA,NA,NA,-0.44,0.00079,0.027
ENDOU|8909,ENSG00000111405,ENDOU,8909,12,-0.39,8e-04,0.027
SENP3|26168,ENSG00000161956,SENP3,26168,17,0.14,8e-04,0.027
PMPCA|23203,ENSG00000165688,PMPCA,23203,9,0.15,8e-04,0.027
GCLC|2729,ENSG00000001084,GCLC,2729,6,0.55,0.00081,0.027
SHISA2|387914,ENSG00000180730,SHISA2,387914,13,-0.71,0.00083,0.028
RAPGEF5|9771,ENSG00000136237,RAPGEF5,9771,7,-0.3,0.00083,0.028
OPRL1|4987,ENSG00000277044,OPRL1,4987,CHR_HSCHR20_1_CTG3,-0.3,0.00083,0.028
RARRES3|5920,ENSG00000133321,RARRES3,5920,11,-0.46,0.00084,0.028
NFIB|4781,ENSG00000147862,NFIB,4781,9,-0.28,0.00084,0.028
TAGAP|117289,ENSG00000164691,TAGAP,117289,6,-0.35,0.00084,0.028
TNFSF10|8743,ENSG00000121858,TNFSF10,8743,3,-0.37,0.00085,0.028
TRIM28|10155,ENSG00000130726,TRIM28,10155,19,0.16,0.00085,0.028
GLTPD2|388323,ENSG00000182327,GLTPD2,388323,17,0.87,0.00086,0.028
LRIG3|121227,ENSG00000139263,LRIG3,121227,12,-0.4,0.00087,0.029
ABCA4|24,ENSG00000198691,ABCA4,24,1,-0.9,0.00088,0.029
ARSH|347527,ENSG00000205667,ARSH,347527,X,-0.48,0.00088,0.029
C5orf30|90355,ENSG00000181751,C5orf30,90355,5,0.29,0.00088,0.029
CCR6|1235,ENSG00000112486,CCR6,1235,6,-0.39,0.00088,0.029
KCNA3|3738,ENSG00000177272,KCNA3,3738,1,-0.52,0.00089,0.029
SOX9|6662,ENSG00000125398,SOX9,6662,17,-0.63,0.00089,0.029
SNHG4|724102,NA,NA,NA,NA,0.37,0.00089,0.029
ACSL3|2181,ENSG00000123983,ACSL3,2181,2,0.2,9e-04,0.029
CITED1|4435,ENSG00000125931,CITED1,4435,X,-0.53,0.00091,0.029
ARMC9|80210,ENSG00000135931,ARMC9,80210,2,-0.3,0.00091,0.029
C10orf2|56652,ENSG00000107815,C10orf2,56652,10,0.21,0.00091,0.029
SLC26A2|1836,ENSG00000155850,SLC26A2,1836,5,-0.33,0.00092,0.029
P2RY6|5031,ENSG00000171631,P2RY6,5031,11,-0.47,0.00092,0.029
MAGEA2|4101,ENSG00000268606,MAGEA2,4101,X,1.2,0.00092,0.029
SKI|6497,ENSG00000157933,SKI,6497,1,-0.19,0.00092,0.029
RNF19A|25897,ENSG00000034677,RNF19A,25897,8,-0.25,0.00092,0.029
SLC8A2|6543,ENSG00000118160,SLC8A2,6543,19,-0.66,0.00092,0.029
NHS|4810,ENSG00000188158,NHS,4810,X,-0.44,0.00093,0.03
AMY1A|276,ENSG00000237763,AMY1A,276,1,-0.87,0.00093,0.03
RANBP3L|202151,ENSG00000164188,RANBP3L,202151,5,-0.52,0.00094,0.03
LOC730101|730101,NA,NA,NA,NA,0.35,0.00094,0.03
HSPE1|3336,ENSG00000115541,HSPE1,3336,2,0.22,0.00095,0.03
MAGEA6|4105,ENSG00000197172,MAGEA6,4105,X,1.4,0.00095,0.03
CLUL1|27098,ENSG00000079101,CLUL1,27098,18,-0.61,0.00096,0.03
CSF2|1437,ENSG00000164400,CSF2,1437,5,-0.64,0.00097,0.03
SPON1|10418,ENSG00000262655,SPON1,10418,11,-0.42,0.00097,0.031
CTNNBIP1|56998,ENSG00000178585,CTNNBIP1,56998,1,-0.22,0.00098,0.031
CDH23|64072,ENSG00000107736,CDH23,64072,10,-0.45,0.00098,0.031
HSP90B1|7184,ENSG00000166598,HSP90B1,7184,12,0.2,0.00098,0.031
C6orf176|90632,ENSG00000223414,LINC00473,90632,6,1.1,0.00098,0.031
SERTAD4|56256,ENSG00000082497,SERTAD4,56256,1,-0.5,0.00098,0.031
VDAC3|7419,ENSG00000078668,VDAC3,7419,8,0.21,0.00099,0.031
CHPT1|56994,ENSG00000111666,CHPT1,56994,12,0.31,0.00099,0.031
ZFP2|80108,ENSG00000198939,ZFP2,80108,5,-0.33,0.00099,0.031
ADARB1|104,ENSG00000197381,ADARB1,104,21,-0.27,0.001,0.031
LTBP2|4053,ENSG00000119681,LTBP2,4053,14,-0.36,0.001,0.031
SNX5|27131,ENSG00000089006,SNX5,27131,20,0.14,0.001,0.031
DNAH2|146754,ENSG00000183914,DNAH2,146754,17,-0.56,0.001,0.031
LOC723809|723809,ENSG00000225329,LHFPL3-AS2,723809,7,-0.83,0.001,0.031
DOK5|55816,ENSG00000101134,DOK5,55816,20,-0.52,0.001,0.031
RNF130|55819,ENSG00000113269,RNF130,55819,5,-0.18,0.001,0.031
ABCB6|10058,ENSG00000115657,ABCB6,10058,2,0.33,0.001,0.031
HLA-DQB1|3119,ENSG00000225824,HLA-DQB1,3119,CHR_HSCHR6_MHC_MANN_CTG1,-0.49,0.001,0.031
MMP3|4314,ENSG00000149968,MMP3,4314,11,-0.78,0.001,0.031
GABARAPL1|23710,ENSG00000139112,GABARAPL1,23710,12,0.26,0.001,0.031
ZNF423|23090,ENSG00000102935,ZNF423,23090,16,-0.34,0.001,0.031
NRXN2|9379,ENSG00000110076,NRXN2,9379,11,-0.43,0.001,0.031
NHSL2|340527,ENSG00000204131,NHSL2,340527,X,-0.37,0.001,0.031
GLIS3|169792,ENSG00000107249,GLIS3,169792,9,-0.34,0.001,0.031
CMAS|55907,ENSG00000111726,CMAS,55907,12,0.21,0.001,0.031
SLC25A3|5250,ENSG00000075415,SLC25A3,5250,12,0.14,0.0011,0.032
RGL1|23179,ENSG00000143344,RGL1,23179,1,-0.29,0.0011,0.032
SCARF1|8578,ENSG00000074660,SCARF1,8578,17,-0.32,0.0011,0.032
E2F5|1875,ENSG00000133740,E2F5,1875,8,0.29,0.0011,0.032
RXRG|6258,ENSG00000143171,RXRG,6258,1,-0.7,0.0011,0.032
FAM35A|54537,ENSG00000122376,FAM35A,54537,10,0.14,0.0011,0.032
STEAP4|79689,ENSG00000127954,STEAP4,79689,7,-0.53,0.0011,0.032
AIFM2|84883,ENSG00000042286,AIFM2,84883,10,0.25,0.0011,0.033
NSUN6|221078,ENSG00000241058,NSUN6,221078,10,0.18,0.0011,0.033
PRIMA1|145270,ENSG00000175785,PRIMA1,145270,14,-0.63,0.0011,0.033
HOXB4|3214,ENSG00000182742,HOXB4,3214,17,-0.4,0.0011,0.033
NMB|4828,ENSG00000197696,NMB,4828,15,0.36,0.0011,0.033
CBFA2T3|863,ENSG00000129993,CBFA2T3,863,16,-0.39,0.0011,0.033
MORC3|23515,ENSG00000159256,MORC3,23515,21,-0.14,0.0011,0.033
RAD54B|25788,ENSG00000197275,RAD54B,25788,8,0.3,0.0011,0.033
TFPI2|7980,ENSG00000105825,TFPI2,7980,7,-0.93,0.0011,0.033
SEPT3|55964,ENSG00000100167,SEPT3,55964,22,-0.51,0.0011,0.033
ZNF154|7710,ENSG00000179909,ZNF154,7710,19,-0.37,0.0011,0.033
BAG1|573,ENSG00000107262,BAG1,573,9,0.24,0.0011,0.033
SUCLG2|8801,ENSG00000172340,SUCLG2,8801,3,0.2,0.0012,0.034
USP4|7375,ENSG00000114316,USP4,7375,3,-0.13,0.0012,0.034
DCLRE1A|9937,ENSG00000198924,DCLRE1A,9937,10,0.19,0.0012,0.034
TMEM86A|144110,ENSG00000151117,TMEM86A,144110,11,-0.25,0.0012,0.034
FAM20B|9917,ENSG00000116199,FAM20B,9917,1,0.13,0.0012,0.034
STAP1|26228,ENSG00000035720,STAP1,26228,4,-0.49,0.0012,0.034
TUBA1A|7846,ENSG00000167552,TUBA1A,7846,12,-0.26,0.0012,0.034
EDA|1896,ENSG00000158813,EDA,1896,X,-0.5,0.0012,0.034
PECI|10455,ENSG00000198721,ECI2,10455,6,0.26,0.0012,0.034
LRRN2|10446,ENSG00000170382,LRRN2,10446,1,-0.41,0.0012,0.034
MTFR1|9650,ENSG00000066855,MTFR1,9650,8,0.25,0.0012,0.034
CHRNA5|1138,ENSG00000169684,CHRNA5,1138,15,0.54,0.0012,0.034
FBXL14|144699,ENSG00000171823,FBXL14,144699,12,0.16,0.0012,0.034
ZNF493|284443,ENSG00000196268,ZNF493,284443,19,-0.33,0.0012,0.034
NARS|4677,ENSG00000134440,NARS,4677,18,0.15,0.0012,0.034
LARP4|113251,ENSG00000161813,LARP4,113251,12,0.16,0.0012,0.034
MOBKL2C|148932,ENSG00000142961,MOB3C,148932,1,-0.17,0.0012,0.034
C16orf54|283897,ENSG00000185905,C16orf54,283897,16,-0.39,0.0012,0.034
CMTM3|123920,ENSG00000140931,CMTM3,123920,16,-0.27,0.0012,0.035
ADORA1|134,ENSG00000163485,ADORA1,134,1,-0.59,0.0012,0.035
SCGB2A1|4246,ENSG00000124939,SCGB2A1,4246,11,-0.86,0.0012,0.035
ADAMTS3|9508,ENSG00000156140,ADAMTS3,9508,4,-0.44,0.0012,0.035
ZNF117|51351,ENSG00000152926,ZNF117,51351,7,-0.39,0.0012,0.035
ICOSLG|23308,ENSG00000160223,ICOSLG,23308,21,-0.23,0.0012,0.035
FAM189A2|9413,ENSG00000135063,FAM189A2,9413,9,-0.55,0.0013,0.035
ESCO2|157570,ENSG00000171320,ESCO2,157570,8,0.37,0.0013,0.035
SNRNP48|154007,ENSG00000168566,SNRNP48,154007,6,0.18,0.0013,0.035
DAGLB|221955,ENSG00000164535,DAGLB,221955,7,-0.18,0.0013,0.035
UPK3A|7380,ENSG00000100373,UPK3A,7380,22,-0.68,0.0013,0.035
SLC13A2|9058,ENSG00000007216,SLC13A2,9058,17,-1,0.0013,0.035
REEP3|221035,ENSG00000165476,REEP3,221035,10,0.24,0.0013,0.035
SRMS|6725,ENSG00000125508,SRMS,6725,20,0.65,0.0013,0.035
C12orf11|55726,ENSG00000064102,ASUN,55726,12,0.2,0.0013,0.036
RAPGEFL1|51195,ENSG00000108352,RAPGEFL1,51195,17,0.36,0.0013,0.036
FLJ33360|401172,ENSG00000250490,,401172,5,-0.46,0.0013,0.036
ITGB8|3696,ENSG00000105855,ITGB8,3696,7,-0.62,0.0013,0.036
TMEM63A|9725,ENSG00000196187,TMEM63A,9725,1,-0.24,0.0013,0.036
APOBEC3C|27350,ENSG00000244509,APOBEC3C,27350,22,-0.3,0.0013,0.036
CORO1A|11151,ENSG00000102879,CORO1A,11151,16,-0.3,0.0013,0.036
C1QTNF2|114898,ENSG00000145861,C1QTNF2,114898,5,-0.36,0.0013,0.036
NDUFS2|4720,ENSG00000158864,NDUFS2,4720,1,0.14,0.0013,0.036
PURB|5814,ENSG00000146676,PURB,5814,7,-0.15,0.0013,0.036
GPR143|4935,ENSG00000101850,GPR143,4935,X,-0.51,0.0013,0.036
PIK3CD|5293,ENSG00000171608,PIK3CD,5293,1,-0.27,0.0013,0.036
HAS3|3038,ENSG00000103044,HAS3,3038,16,-0.6,0.0013,0.036
TMEM180|79847,ENSG00000138111,TMEM180,79847,10,0.23,0.0013,0.036
DMRT2|10655,ENSG00000173253,DMRT2,10655,9,-0.62,0.0013,0.036
INPP5D|3635,ENSG00000168918,INPP5D,3635,2,-0.31,0.0013,0.036
NUDCD3|23386,ENSG00000015676,NUDCD3,23386,7,-0.15,0.0013,0.036
ZDHHC8P1|150244,NA,NA,NA,NA,-0.55,0.0014,0.036
SERPINH1|871,ENSG00000149257,SERPINH1,871,11,-0.21,0.0014,0.036
C1QBP|708,ENSG00000108561,C1QBP,708,17,0.22,0.0014,0.036
STK11|6794,ENSG00000118046,STK11,6794,19,-0.24,0.0014,0.036
C20orf24|55969,ENSG00000101084,C20orf24,55969,20,0.23,0.0014,0.036
SALL2|6297,ENSG00000165821,SALL2,6297,14,-0.39,0.0014,0.036
ME1|4199,ENSG00000065833,ME1,4199,6,0.37,0.0014,0.036
ANKRD22|118932,ENSG00000152766,ANKRD22,118932,10,-0.5,0.0014,0.036
CHST7|56548,ENSG00000147119,CHST7,56548,X,-0.23,0.0014,0.036
PWP1|11137,ENSG00000136045,PWP1,11137,12,0.13,0.0014,0.036
HUS1|3364,ENSG00000136273,HUS1,3364,7,-0.14,0.0014,0.036
FBLN1|2192,ENSG00000077942,FBLN1,2192,22,-0.36,0.0014,0.036
XPR1|9213,ENSG00000143324,XPR1,9213,1,-0.29,0.0014,0.036
TRAF7|84231,ENSG00000131653,TRAF7,84231,16,0.15,0.0014,0.037
HSD17B6|8630,ENSG00000025423,HSD17B6,8630,12,-0.56,0.0014,0.037
HLA-DPA1|3113,ENSG00000235844,HLA-DPA1,3113,CHR_HSCHR6_MHC_APD_CTG1,-0.4,0.0014,0.037
CNTN2|6900,ENSG00000184144,CNTN2,6900,1,-0.49,0.0014,0.037
CCL22|6367,ENSG00000102962,CCL22,6367,16,-0.46,0.0014,0.037
XPNPEP1|7511,ENSG00000108039,XPNPEP1,7511,10,0.13,0.0014,0.037
ANKRD34A|284615,ENSG00000272031,ANKRD34A,284615,1,-0.39,0.0014,0.037
ZNF709|163051,ENSG00000242852,ZNF709,163051,19,-0.21,0.0015,0.038
MANBAL|63905,ENSG00000101363,MANBAL,63905,20,0.15,0.0015,0.038
SPRED2|200734,ENSG00000198369,SPRED2,200734,2,-0.21,0.0015,0.038
KIAA0664|23277,ENSG00000132361,CLUH,23277,17,0.21,0.0015,0.038
EIF3A|8661,ENSG00000107581,EIF3A,8661,10,0.16,0.0015,0.038
IER2|9592,ENSG00000160888,IER2,9592,19,-0.24,0.0015,0.038
SLC1A1|6505,ENSG00000106688,SLC1A1,6505,9,-0.48,0.0015,0.038
YPEL2|388403,ENSG00000175155,YPEL2,388403,17,-0.17,0.0015,0.038
FUCA2|2519,ENSG00000001036,FUCA2,2519,6,0.18,0.0015,0.038
RPS6KA1|6195,ENSG00000117676,RPS6KA1,6195,1,-0.17,0.0015,0.039
LMO4|8543,ENSG00000143013,LMO4,8543,1,0.27,0.0015,0.039
ITPA|3704,ENSG00000125877,ITPA,3704,20,0.18,0.0015,0.039
GPX7|2882,ENSG00000116157,GPX7,2882,1,-0.32,0.0015,0.039
ARHGAP11A|9824,ENSG00000275568,ARHGAP11A,9824,CHR_HSCHR15_4_CTG8,0.33,0.0015,0.039
COL13A1|1305,ENSG00000197467,COL13A1,1305,10,-0.45,0.0015,0.039
C15orf59|388135,ENSG00000205363,C15orf59,388135,15,-0.51,0.0015,0.039
ZNF826|664701,NA,NA,NA,NA,-0.54,0.0015,0.039
SLC27A5|10998,ENSG00000083807,SLC27A5,10998,19,0.29,0.0015,0.039
TMEM130|222865,ENSG00000166448,TMEM130,222865,7,-0.63,0.0015,0.039
EPT1|85465,ENSG00000138018,EPT1,85465,2,0.22,0.0015,0.039
APOBEC3F|200316,ENSG00000128394,APOBEC3F,200316,22,-0.28,0.0016,0.039
MUC21|394263,ENSG00000206463,MUC21,394263,CHR_HSCHR6_MHC_QBL_CTG1,-1,0.0016,0.039
PKN2|5586,ENSG00000065243,PKN2,5586,1,0.15,0.0016,0.039
TMPO|7112,ENSG00000120802,TMPO,7112,12,0.21,0.0016,0.039
HIST1H2BO|8348,ENSG00000274641,HIST1H2BO,8348,6,0.43,0.0016,0.039
ZNF462|58499,ENSG00000148143,ZNF462,58499,9,-0.41,0.0016,0.039
WARS2|10352,ENSG00000116874,WARS2,10352,1,0.16,0.0016,0.039
HDGF|3068,ENSG00000143321,HDGF,3068,1,0.17,0.0016,0.039
SFXN3|81855,ENSG00000107819,SFXN3,81855,10,-0.25,0.0016,0.039
CSRP2BP|57325,ENSG00000149474,CSRP2BP,57325,20,0.14,0.0016,0.039
VPREB3|29802,ENSG00000128218,VPREB3,29802,22,-0.5,0.0016,0.039
DUSP6|1848,ENSG00000139318,DUSP6,1848,12,-0.37,0.0016,0.039
NPR1|4881,ENSG00000169418,NPR1,4881,1,-0.41,0.0016,0.04
SAMD13|148418,ENSG00000203943,SAMD13,148418,1,0.46,0.0016,0.04
C15orf41|84529,ENSG00000186073,C15orf41,84529,15,0.21,0.0016,0.04
ZNF295|49854,ENSG00000173276,ZBTB21,49854,21,-0.17,0.0016,0.04
IQGAP1|8826,ENSG00000140575,IQGAP1,8826,15,-0.16,0.0016,0.04
SNRPB|6628,ENSG00000125835,SNRPB,6628,20,0.21,0.0016,0.04
C15orf44|81556,ENSG00000138614,VWA9,81556,15,0.12,0.0016,0.04
CCDC51|79714,ENSG00000164051,CCDC51,79714,3,0.15,0.0016,0.04
LIMD2|80774,ENSG00000136490,LIMD2,80774,17,-0.28,0.0016,0.04
UCHL1|7345,ENSG00000154277,UCHL1,7345,4,0.74,0.0016,0.04
RENBP|5973,ENSG00000102032,RENBP,5973,X,-0.34,0.0017,0.04
FGF18|8817,ENSG00000156427,FGF18,8817,5,-0.54,0.0017,0.041
KIF26A|26153,ENSG00000066735,KIF26A,26153,14,-0.44,0.0017,0.041
TNC|3371,ENSG00000041982,TNC,3371,9,-0.57,0.0017,0.041
CAMTA1|23261,ENSG00000171735,CAMTA1,23261,1,-0.17,0.0017,0.041
TRIM16|10626,ENSG00000221926,TRIM16,10626,17,0.35,0.0017,0.041
PHKA1|5255,ENSG00000067177,PHKA1,5255,X,0.24,0.0017,0.041
ZNF107|51427,ENSG00000196247,ZNF107,51427,7,-0.23,0.0017,0.041
THBS4|7060,ENSG00000113296,THBS4,7060,5,-0.73,0.0017,0.041
CDH3|1001,ENSG00000062038,CDH3,1001,16,-0.57,0.0017,0.042
FAM198A|729085,ENSG00000144649,FAM198A,729085,3,-0.39,0.0017,0.042
ATP10B|23120,ENSG00000118322,ATP10B,23120,5,-0.68,0.0018,0.042
NFKBIZ|64332,ENSG00000144802,NFKBIZ,64332,3,-0.32,0.0018,0.042
AEBP1|165,ENSG00000106624,AEBP1,165,7,-0.35,0.0018,0.042
PTP4A1|7803,ENSG00000112245,PTP4A1,7803,6,0.27,0.0018,0.042
EVI5L|115704,ENSG00000142459,EVI5L,115704,19,-0.18,0.0018,0.042
LOC255167|255167,ENSG00000250056,LINC01018,255167,5,-0.68,0.0018,0.042
CDKN1C|1028,ENSG00000129757,CDKN1C,1028,11,-0.31,0.0018,0.042
RABGGTB|5876,ENSG00000137955,RABGGTB,5876,1,0.15,0.0018,0.042
LOC493754|493754,NA,NA,NA,NA,-0.13,0.0018,0.042
NOX1|27035,ENSG00000007952,NOX1,27035,X,-0.58,0.0018,0.042
LOC342346|342346,ENSG00000205832,C16orf96,342346,16,-0.42,0.0018,0.042
PLA2G4C|8605,ENSG00000105499,PLA2G4C,8605,19,-0.34,0.0018,0.042
MKL2|57496,ENSG00000186260,MKL2,57496,16,-0.19,0.0018,0.042
SOCS6|9306,ENSG00000170677,SOCS6,9306,18,0.17,0.0018,0.042
HABP2|3026,ENSG00000148702,HABP2,3026,10,-0.86,0.0018,0.042
CBR1|873,ENSG00000159228,CBR1,873,21,0.41,0.0018,0.042
GTF2E2|2961,ENSG00000197265,GTF2E2,2961,8,0.16,0.0018,0.042
IL16|3603,ENSG00000172349,IL16,3603,15,-0.31,0.0018,0.042
USP27X|389856,ENSG00000273820,USP27X,389856,X,-0.34,0.0018,0.043
PCBP3|54039,ENSG00000183570,PCBP3,54039,21,-0.46,0.0018,0.043
GPR18|2841,ENSG00000125245,GPR18,2841,13,-0.38,0.0018,0.043
RILPL2|196383,ENSG00000150977,RILPL2,196383,12,-0.2,0.0018,0.043
TECTA|7007,ENSG00000109927,TECTA,7007,11,-0.35,0.0018,0.043
FECH|2235,ENSG00000066926,FECH,2235,18,0.21,0.0018,0.043
HSPA4L|22824,ENSG00000164070,HSPA4L,22824,4,0.41,0.0019,0.043
IER3|8870,ENSG00000230128,IER3,8870,CHR_HSCHR6_MHC_MANN_CTG1,-0.35,0.0019,0.043
DNM1P35|100128285,NA,NA,NA,NA,-0.32,0.0019,0.043
TSNAX|7257,ENSG00000116918,TSNAX,7257,1,0.17,0.0019,0.044
KCND2|3751,ENSG00000184408,KCND2,3751,7,0.52,0.0019,0.044
TRIM2|23321,ENSG00000109654,TRIM2,23321,4,-0.34,0.0019,0.044
KLF10|7071,ENSG00000155090,KLF10,7071,8,-0.19,0.0019,0.044
NOP14|8602,ENSG00000087269,NOP14,8602,4,0.13,0.0019,0.044
LSP1|4046,ENSG00000130592,LSP1,4046,11,-0.3,0.0019,0.044
SERPINB9|5272,ENSG00000170542,SERPINB9,5272,6,-0.27,0.0019,0.044
ZNF439|90594,ENSG00000171291,ZNF439,90594,19,-0.33,0.0019,0.044
NTN1|9423,ENSG00000065320,NTN1,9423,17,-0.47,0.0019,0.044
IARS2|55699,ENSG00000067704,IARS2,55699,1,0.15,0.002,0.045
WAC|51322,ENSG00000095787,WAC,51322,10,0.11,0.002,0.045
LOC100128239|100128239,ENSG00000204241,,100128239,11,-0.42,0.002,0.045
RUNX3|864,ENSG00000020633,RUNX3,864,1,-0.32,0.002,0.045
FUT7|2529,ENSG00000180549,FUT7,2529,9,-0.39,0.002,0.045
MED26|9441,ENSG00000105085,MED26,9441,19,-0.14,0.002,0.045
EPHB3|2049,ENSG00000182580,EPHB3,2049,3,-0.33,0.002,0.045
CEP76|79959,ENSG00000101624,CEP76,79959,18,0.18,0.002,0.045
ZNF571|51276,ENSG00000180479,ZNF571,51276,19,-0.18,0.002,0.045
ADCY1|107,ENSG00000164742,ADCY1,107,7,-0.43,0.002,0.045
ZNF136|7695,ENSG00000196646,ZNF136,7695,19,-0.17,0.002,0.045
GRM6|2916,ENSG00000113262,GRM6,2916,5,-0.47,0.002,0.045
LOC84740|84740,ENSG00000272620,AFAP1-AS1,84740,4,-0.91,0.002,0.046
DMBX1|127343,ENSG00000197587,DMBX1,127343,1,-0.71,0.002,0.046
CD74|972,ENSG00000019582,CD74,972,5,-0.36,0.002,0.046
WWC1|23286,ENSG00000113645,WWC1,23286,5,-0.23,0.002,0.046
ETFA|2108,ENSG00000140374,ETFA,2108,15,0.16,0.002,0.046
UBQLN1|29979,ENSG00000135018,UBQLN1,29979,9,0.12,0.002,0.046
WRN|7486,ENSG00000165392,WRN,7486,8,0.18,0.002,0.046
DPT|1805,ENSG00000143196,DPT,1805,1,-0.45,0.0021,0.046
GPR68|8111,ENSG00000119714,GPR68,8111,14,-0.36,0.0021,0.046
TCEANC|170082,ENSG00000176896,TCEANC,170082,X,-0.18,0.0021,0.046
INPP5J|27124,ENSG00000185133,INPP5J,27124,22,-0.4,0.0021,0.046
SPTB|6710,ENSG00000070182,SPTB,6710,14,-0.66,0.0021,0.046
HLA-DMB|3109,ENSG00000239329,HLA-DMB,3109,CHR_HSCHR6_MHC_MANN_CTG1,-0.35,0.0021,0.046
SUSD3|203328,ENSG00000157303,SUSD3,203328,9,-0.31,0.0021,0.046
DGCR9|25787,ENSG00000273032,DGCR9,25787,22,-0.54,0.0021,0.046
PDE1B|5153,ENSG00000123360,PDE1B,5153,12,-0.34,0.0021,0.046
CNTFR|1271,ENSG00000122756,CNTFR,1271,9,-0.57,0.0021,0.046
FOXP2|93986,ENSG00000128573,FOXP2,93986,7,0.5,0.0021,0.046
GPR172B|55065,ENSG00000132517,SLC52A1,55065,17,-0.51,0.0021,0.046
PPP1R1B|84152,ENSG00000131771,PPP1R1B,84152,17,-0.84,0.0021,0.046
RASSF5|83593,ENSG00000266094,RASSF5,83593,1,-0.24,0.0021,0.046
OGN|4969,ENSG00000106809,OGN,4969,9,-0.62,0.0021,0.046
TRIL|9865,ENSG00000255690,TRIL,9865,7,-0.4,0.0021,0.046
GPHN|10243,ENSG00000171723,GPHN,10243,14,0.2,0.0021,0.046
STRAP|11171,ENSG00000023734,STRAP,11171,12,0.19,0.0021,0.046
FHOD1|29109,ENSG00000135723,FHOD1,29109,16,-0.24,0.0021,0.046
ZBTB43|23099,ENSG00000169155,ZBTB43,23099,9,-0.17,0.0021,0.046
KCNK13|56659,ENSG00000152315,KCNK13,56659,14,-0.35,0.0021,0.046
NFKBIA|4792,ENSG00000100906,NFKBIA,4792,14,-0.24,0.0021,0.046
CDC42EP3|10602,ENSG00000163171,CDC42EP3,10602,2,-0.28,0.0021,0.046
TRIM50|135892,ENSG00000146755,TRIM50,135892,7,-0.48,0.0021,0.046
ASCC2|84164,ENSG00000100325,ASCC2,84164,22,-0.15,0.0022,0.046
PGBD5|79605,NA,NA,NA,NA,-0.44,0.0022,0.046
GP1BA|2811,ENSG00000185245,GP1BA,2811,17,-0.43,0.0022,0.046
LSAMP|4045,ENSG00000185565,LSAMP,4045,3,-0.38,0.0022,0.046
ELFN2|114794,ENSG00000243902,,114794,22,-0.68,0.0022,0.046
LOC650368|650368,NA,NA,NA,NA,-0.22,0.0022,0.046
SYNJ1|8867,ENSG00000159082,SYNJ1,8867,21,-0.19,0.0022,0.046
MAGEE2|139599,ENSG00000186675,MAGEE2,139599,X,-0.54,0.0022,0.046
IDH3B|3420,ENSG00000101365,IDH3B,3420,20,0.14,0.0022,0.046
ADRA1B|147,ENSG00000170214,ADRA1B,147,5,-0.47,0.0022,0.046
PDZD4|57595,ENSG00000067840,PDZD4,57595,X,-0.45,0.0022,0.046
IARS|3376,ENSG00000196305,IARS,3376,9,0.15,0.0022,0.046
PTPN13|5783,ENSG00000163629,PTPN13,5783,4,-0.5,0.0022,0.047
TPST1|8460,ENSG00000169902,TPST1,8460,7,-0.22,0.0022,0.047
LOC440461|440461,NA,NA,NA,NA,-0.36,0.0022,0.047
GAS2|2620,ENSG00000148935,GAS2,2620,11,0.51,0.0022,0.047
BRI3BP|140707,ENSG00000184992,BRI3BP,140707,12,0.24,0.0022,0.047
LRRC17|10234,ENSG00000128606,LRRC17,10234,7,-0.36,0.0022,0.047
NLRP7|199713,ENSG00000277179,NLRP7,199713,CHR_HSCHR19LRC_LRC_I_CTG3_1,-0.5,0.0022,0.047
C8orf48|157773,ENSG00000164743,C8orf48,157773,8,-0.36,0.0022,0.047
PGR|5241,ENSG00000082175,PGR,5241,11,-0.4,0.0022,0.047
L2HGDH|79944,ENSG00000087299,L2HGDH,79944,14,0.19,0.0022,0.047
BBOX1|8424,ENSG00000129151,BBOX1,8424,11,-0.66,0.0022,0.047
IDS|3423,ENSG00000010404,IDS,3423,X,-0.24,0.0022,0.047
PPIF|10105,ENSG00000108179,PPIF,10105,10,0.18,0.0023,0.048
VDAC1|7416,ENSG00000213585,VDAC1,7416,5,0.16,0.0023,0.048
TMEM109|79073,ENSG00000110108,TMEM109,79073,11,-0.14,0.0023,0.048
LCT|3938,ENSG00000115850,LCT,3938,2,-0.75,0.0023,0.048
SLC1A4|6509,ENSG00000115902,SLC1A4,6509,2,-0.24,0.0023,0.048
LRRC3|81543,ENSG00000160233,LRRC3,81543,21,-0.31,0.0023,0.048
PGAM5|192111,ENSG00000247077,PGAM5,192111,12,0.21,0.0023,0.048
ARHGAP31|57514,ENSG00000031081,ARHGAP31,57514,3,-0.31,0.0023,0.048
CEBPA|1050,ENSG00000245848,CEBPA,1050,19,-0.4,0.0023,0.048
IL10RB|3588,ENSG00000243646,IL10RB,3588,21,-0.17,0.0023,0.048
KIAA1949|170954,ENSG00000206485,PPP1R18,170954,CHR_HSCHR6_MHC_QBL_CTG1,-0.23,0.0023,0.048
TSPAN2|10100,ENSG00000134198,TSPAN2,10100,1,-0.33,0.0023,0.048
PRDX6|9588,ENSG00000117592,PRDX6,9588,1,0.15,0.0023,0.048
CACNA1F|778,ENSG00000102001,CACNA1F,778,X,-0.48,0.0023,0.048
HLA-DMA|3108,ENSG00000243189,HLA-DMA,3108,CHR_HSCHR6_MHC_MANN_CTG1,-0.33,0.0023,0.048
NUP88|4927,ENSG00000108559,NUP88,4927,17,0.15,0.0023,0.048
KCNJ12|3768,ENSG00000184185,KCNJ12,3768,17,-0.47,0.0023,0.048
GNAO1|2775,ENSG00000087258,GNAO1,2775,16,-0.4,0.0023,0.048
FAIM2|23017,ENSG00000135472,FAIM2,23017,12,-0.6,0.0023,0.048
CABIN1|23523,ENSG00000099991,CABIN1,23523,22,-0.18,0.0023,0.048
LARS2|23395,ENSG00000011376,LARS2,23395,3,0.13,0.0023,0.048
NCF4|4689,ENSG00000275990,NCF4,4689,CHR_HSCHR22_1_CTG5,-0.3,0.0023,0.048
PPP2R5B|5526,ENSG00000068971,PPP2R5B,5526,11,-0.18,0.0023,0.048
LOC644165|644165,NA,NA,NA,NA,-0.46,0.0023,0.048
SCTR|6344,ENSG00000080293,SCTR,6344,2,-0.86,0.0024,0.048
TMSL3|7117,NA,NA,NA,NA,-0.23,0.0024,0.048
JUN|3725,ENSG00000177606,JUN,3725,1,-0.27,0.0024,0.048
TRAP1|10131,ENSG00000126602,TRAP1,10131,16,0.15,0.0024,0.048
ST3GAL2|6483,ENSG00000157350,ST3GAL2,6483,16,-0.2,0.0024,0.048
FSTL1|11167,ENSG00000163430,FSTL1,11167,3,-0.27,0.0024,0.048
ENHO|375704,ENSG00000168913,ENHO,375704,9,-0.5,0.0024,0.048
BMP6|654,ENSG00000153162,BMP6,654,6,0.55,0.0024,0.048
EGLN1|54583,ENSG00000135766,EGLN1,54583,1,0.19,0.0024,0.048
TRAF2|7186,ENSG00000127191,TRAF2,7186,9,0.21,0.0024,0.048
HLA-DOA|3111,ENSG00000231558,HLA-DOA,3111,CHR_HSCHR6_MHC_MANN_CTG1,-0.4,0.0024,0.048
SUV39H2|79723,ENSG00000152455,SUV39H2,79723,10,0.21,0.0024,0.049
C17orf72|92340,ENSG00000224383,PRR29,92340,17,-0.42,0.0024,0.049
USP10|9100,ENSG00000103194,USP10,9100,16,0.13,0.0024,0.049
MFAP4|4239,ENSG00000166482,MFAP4,4239,17,-0.46,0.0024,0.049
CKMT2|1160,ENSG00000131730,CKMT2,1160,5,-0.5,0.0024,0.049
TPRG1L|127262,ENSG00000158109,TPRG1L,127262,1,-0.15,0.0025,0.049
ST5|6764,ENSG00000166444,ST5,6764,11,-0.2,0.0025,0.049
ZWILCH|55055,ENSG00000174442,ZWILCH,55055,15,0.19,0.0025,0.049
ALDH3A1|218,ENSG00000108602,ALDH3A1,218,17,0.9,0.0025,0.049
RFPL2|10739,ENSG00000128253,RFPL2,10739,22,-0.36,0.0025,0.049
THAP4|51078,ENSG00000176946,THAP4,51078,2,0.13,0.0025,0.049
CLDN4|1364,ENSG00000189143,CLDN4,1364,7,-0.27,0.0025,0.049
SGPP2|130367,ENSG00000163082,SGPP2,130367,2,-0.38,0.0025,0.049
CLPX|10845,ENSG00000166855,CLPX,10845,15,0.13,0.0025,0.049
INO80C|125476,ENSG00000153391,INO80C,125476,18,0.18,0.0025,0.049
PALM2|114299,ENSG00000243444,PALM2,114299,9,-0.32,0.0025,0.049
UCK2|7371,ENSG00000143179,UCK2,7371,1,0.38,0.0025,0.05
REN|5972,ENSG00000143839,REN,5972,1,-0.53,0.0025,0.05
MX1|4599,ENSG00000157601,MX1,4599,21,-0.38,0.0025,0.05
SSX2IP|117178,ENSG00000117155,SSX2IP,117178,1,0.23,0.0025,0.05
CHAD|1101,ENSG00000136457,CHAD,1101,17,-0.54,0.0025,0.05
CCT3|7203,ENSG00000163468,CCT3,7203,1,0.17,0.0025,0.05
GPR183|1880,ENSG00000169508,GPR183,1880,13,-0.34,0.0026,0.05
SDHAP3|728609,NA,NA,NA,NA,-0.37,0.0026,0.05
RNASEH2C|84153,ENSG00000172922,RNASEH2C,84153,11,-0.17,0.0026,0.05
RAB9B|51209,ENSG00000123570,RAB9B,51209,X,-0.36,0.0026,0.05
DMBT1|1755,ENSG00000187908,DMBT1,1755,10,-0.96,0.0026,0.05
